id,first_name,last_name,email,phone,grade,cohort
1,Lisa,Rivera,lrivera@topicstorm.com,0-(230)653-0435,51,Narwhals
2,Edward,Phillips,ephillips@bluejam.edu,6-(597)419-4367,68,Ospreys
3,Rachel,Bryant,rbryant@digitube.gov,0-(634)295-9094,33,Narwhals
4,Betty,Moore,bmoore@meezzy.net,3-(409)353-5535,55,Ospreys
5,Michael,Fisher,mfisher@rhynyx.edu,3-(722)612-2282,58,Narwhals
6,George,Torres,gtorres@brainverse.net,2-(262)158-4610,7,Ospreys
7,Donald,Palmer,dpalmer@vinte.edu,1-(981)180-4557,64,Narwhals
8,Shawn,Phillips,sphillips@youspan.gov,6-(649)937-9681,87,Ospreys
9,Brenda,Andrews,bandrews@meezzy.edu,4-(257)993-3266,43,Narwhals
10,Jack,Carr,jcarr@linktype.gov,0-(384)158-8443,46,Ospreys
11,Martha,Watkins,mwatkins@demizz.biz,7-(927)518-1764,50,Narwhals
12,Anthony,Nelson,anelson@tavu.name,7-(506)021-9230,20,Ospreys
13,Chris,Dunn,cdunn@skyndu.info,1-(637)315-0283,41,Narwhals
14,Benjamin,Cook,bcook@browsecat.gov,1-(509)762-9690,81,Ospreys
15,Steve,Morris,smorris@trilia.edu,6-(930)101-3952,60,Narwhals
16,Ronald,Lee,rlee@rhyloo.edu,8-(452)810-5081,27,Ospreys
17,Rachel,Wells,rwells@meedoo.gov,0-(646)941-4160,88,Narwhals
18,Benjamin,Garza,bgarza@aimbo.com,0-(240)517-2849,48,Ospreys
19,Nicole,Sanders,nsanders@realpoint.mil,1-(610)893-8748,73,Narwhals
20,Janice,Price,jprice@yabox.com,0-(441)878-9801,73,Ospreys
21,Kenneth,Parker,kparker@bubblemix.biz,7-(701)044-3435,53,Narwhals
22,Fred,Rose,frose@skidoo.mil,3-(550)787-6695,25,Ospreys
23,Christina,Diaz,cdiaz@ailane.name,9-(673)472-8451,90,Narwhals
24,Kimberly,Mendoza,kmendoza@jabbertype.gov,8-(915)983-2038,48,Ospreys
25,Linda,West,lwest@tagfeed.gov,0-(972)716-7600,100,Narwhals
26,Gloria,Sullivan,gsullivan@flashset.gov,1-(013)677-0734,26,Ospreys
27,Mildred,Morrison,mmorrison@realbridge.org,7-(388)488-7966,55,Narwhals
28,Thomas,Wagner,twagner@livepath.com,8-(568)666-1379,97,Ospreys
29,Cecelia,Marvin,kaitlin@windler.info,(556)349-9342 x560,90,Narwhals
30,Ima,Rippin,cordelia@monahantrantow.org,632.602.5869 x67516,55,Ospreys
31,George,Weimann,tyrique@heathcote.com,1-769-876-9081,77,Narwhals
32,Irwin,Blanda,jeffrey@pollich.info,481.159.8533 x91031,51,Ospreys
33,Nathan,Bauch,antonio_walsh@murazik.biz,373.815.2440,63,Narwhals
